                  epoch,         train/box_loss,         train/cls_loss,         train/dfl_loss,   metrics/precision(B),      metrics/recall(B),       metrics/mAP50(B),    metrics/mAP50-95(B),           val/box_loss,           val/cls_loss,           val/dfl_loss,                 lr/pg0,                 lr/pg1,                 lr/pg2
                      1,                 3.3885,                   4.13,                  2.281,                0.00533,                0.12903,                0.00318,                0.00164,                 2.7102,                 3.8337,                 1.7489,                 0.0001,                 0.0001,                 0.0001
                      2,                  2.835,                 3.5262,                 1.5533,                0.01667,                0.40323,                 0.0176,                0.00948,                 1.7543,                 3.5224,                 1.1039,             0.00021891,             0.00021891,             0.00021891
                      3,                 2.0109,                  1.747,                 1.0167,                0.02867,                0.69355,                0.16607,                0.09031,                 1.5494,                 3.1488,                0.98079,             0.00033663,             0.00033663,             0.00033663
                      4,                 1.6667,                 1.1795,                0.96533,                0.03933,                0.95161,                0.25569,                0.16886,                  1.396,                 2.7688,                0.95189,             0.00045317,             0.00045317,             0.00045317
                      5,                 1.4847,                 1.0393,                0.95318,                   0.04,                0.96774,                 0.8439,                0.46922,                 1.3766,                 2.4609,                0.97239,             0.00056852,             0.00056852,             0.00056852
                      6,                 1.4507,                0.98028,                 0.9364,                   0.04,                0.96774,                    0.9,                0.51393,                  1.283,                  2.349,                0.94418,             0.00068267,             0.00068267,             0.00068267
                      7,                 1.3456,                0.88514,                0.91643,                      1,                0.67325,                0.95451,                0.58711,                 1.1025,                 1.9953,                0.89769,             0.00079565,             0.00079565,             0.00079565
                      8,                 1.3147,                0.86196,                0.90725,                0.93928,                0.24973,                0.88311,                0.57281,                 1.1722,                 1.9786,                0.92496,             0.00090743,             0.00090743,             0.00090743
                      9,                 1.4157,                0.82379,                0.91296,                0.95123,                0.62915,                 0.9101,                0.55063,                 1.3388,                 1.7457,                0.99197,               0.001018,               0.001018,               0.001018
                     10,                 1.3144,                0.79104,                 0.9107,                0.96342,                0.84965,                0.94351,                0.57165,                 1.3738,                  1.568,                0.99763,              0.0011274,              0.0011274,              0.0011274
                     11,                  1.364,                0.80656,                0.91006,                      1,                0.87807,                 0.9632,                 0.6065,                 1.2469,                 1.5445,                0.95172,              0.0012357,              0.0012357,              0.0012357
                     12,                  1.264,                0.79011,                0.87898,                      1,                0.91046,                0.95335,                0.63714,                 1.1692,                 1.4077,                0.91712,              0.0013427,              0.0013427,              0.0013427
                     13,                 1.3176,                0.78091,                0.90021,                      1,                0.90157,                0.95421,                0.58369,                 1.3307,                 1.2652,                0.95507,              0.0014485,              0.0014485,              0.0014485
                     14,                  1.363,                0.79245,                0.92888,                      1,                0.91149,                0.95949,                0.66821,                 1.1069,                 1.1016,                0.90189,              0.0015532,              0.0015532,              0.0015532
                     15,                 1.3528,                0.77413,                0.90205,                      1,                0.91549,                0.96247,                0.66149,                 1.1711,                 1.0528,                0.91332,              0.0016566,              0.0016566,              0.0016566
                     16,                 1.3428,                0.76998,                0.90791,                      1,                0.92903,                0.96357,                0.60211,                 1.2732,                 1.0324,                 0.9495,              0.0017589,              0.0017589,              0.0017589
                     17,                 1.3043,                0.77917,                0.89376,                0.97839,                0.91935,                0.94788,                0.60539,                 1.1748,                0.92801,                0.92344,              0.0018416,              0.0018416,              0.0018416
                     18,                 1.3427,                0.77661,                0.91705,                0.99759,                0.93548,                0.97459,                0.55179,                 1.3332,                0.79949,                0.96957,              0.0018416,              0.0018416,              0.0018416
                     19,                 1.2623,                 0.7243,                0.88425,                0.98323,                0.94569,                0.97435,                0.63129,                 1.1913,                0.73247,                0.93115,              0.0018317,              0.0018317,              0.0018317
                     20,                 1.1781,                0.69439,                0.87826,                0.96359,                0.95161,                0.96328,                0.66545,                 1.1006,                 0.7095,                0.90712,              0.0018218,              0.0018218,              0.0018218
                     21,                 1.1888,                0.71953,                0.89676,                0.96716,                0.94993,                0.96395,                0.65597,                 1.1589,                0.73078,                0.91301,              0.0018119,              0.0018119,              0.0018119
                     22,                 1.1951,                0.70287,                0.88206,                0.96689,                0.95161,                0.96384,                0.66672,                 1.0844,                0.69425,                0.90217,               0.001802,               0.001802,               0.001802
                     23,                 1.2524,                0.68397,                 0.8928,                0.96283,                0.95161,                0.97872,                0.66829,                 1.0658,                0.66144,                0.90401,              0.0017921,              0.0017921,              0.0017921
                     24,                 1.2311,                0.68249,                0.87828,                0.97051,                0.93548,                0.96378,                0.64316,                 1.0993,                 0.6874,                0.90191,              0.0017822,              0.0017822,              0.0017822
                     25,                 1.2853,                0.69969,                0.89295,                0.96706,                0.94718,                0.98054,                0.72426,                0.96438,                0.63095,                  0.876,              0.0017723,              0.0017723,              0.0017723
                     26,                 1.1909,                0.65933,                0.87352,                0.99606,                0.93548,                0.96373,                0.63945,                 1.1737,                0.69928,                0.92206,              0.0017624,              0.0017624,              0.0017624
                     27,                 1.1402,                0.65415,                0.88715,                      1,                0.93003,                 0.9636,                0.63807,                 1.1615,                0.69897,                 0.9193,              0.0017525,              0.0017525,              0.0017525
                     28,                 1.1472,                0.63535,                 0.8813,                0.99587,                0.91935,                 0.9888,                 0.6714,                 1.0111,                 0.6367,                0.88732,              0.0017426,              0.0017426,              0.0017426
                     29,                 1.1013,                0.64093,                0.87471,                 0.9833,                0.94964,                0.98062,                0.65495,                 1.0882,                 0.6557,                0.90049,              0.0017327,              0.0017327,              0.0017327
                     30,                 1.1717,                0.64611,                0.87987,                0.96512,                0.95161,                0.97967,                 0.6739,                 1.0578,                 0.6184,                0.89117,              0.0017228,              0.0017228,              0.0017228
                     31,                 1.1896,                0.62921,                 0.8702,                0.96705,                0.94668,                0.96275,                0.64044,                 1.1242,                0.60417,                0.90176,              0.0017129,              0.0017129,              0.0017129
                     32,                 1.1581,                0.63219,                0.87829,                      1,                0.89199,                0.98813,                0.65849,                  1.047,                0.60926,                0.89057,               0.001703,               0.001703,               0.001703
                     33,                 1.2257,                0.63866,                0.90293,                0.96618,                0.95161,                 0.9895,                0.67178,                 1.0034,                0.61232,                0.88014,              0.0016931,              0.0016931,              0.0016931
                     34,                   1.16,                0.61977,                0.88247,                0.98028,                0.95161,                0.98001,                0.64535,                 1.1222,                0.60875,                0.89936,              0.0016832,              0.0016832,              0.0016832
                     35,                 1.1584,                0.63001,                  0.903,                0.95153,                0.94988,                0.97928,                0.69655,                0.98145,                0.57835,                0.87918,              0.0016733,              0.0016733,              0.0016733
                     36,                 1.1571,                 0.6114,                0.89047,                0.95282,                0.97729,                0.98189,                0.70836,                  1.026,                0.63161,                0.89065,              0.0016634,              0.0016634,              0.0016634
                     37,                 1.1983,                0.61991,                0.88078,                0.96356,                0.98387,                0.98265,                0.68871,                 1.1048,                0.62049,                0.90375,              0.0016535,              0.0016535,              0.0016535
                     38,                 1.1578,                0.62042,                0.88625,                0.96715,                0.94961,                0.97849,                0.73225,                0.95017,                0.58758,                0.87593,              0.0016436,              0.0016436,              0.0016436
                     39,                 1.1444,                0.60792,                0.86366,                0.96758,                0.96276,                0.98204,                0.72256,                0.96942,                0.57575,                0.87723,              0.0016337,              0.0016337,              0.0016337
                     40,                 1.1525,                0.60537,                0.87415,                0.94846,                0.98387,                0.98291,                0.69692,                 1.0118,                 0.5832,                0.88354,              0.0016238,              0.0016238,              0.0016238
                     41,                 1.1598,                0.61621,                0.88036,                0.96816,                0.98094,                0.98303,                0.70802,                0.93687,                0.55365,                0.86944,              0.0016139,              0.0016139,              0.0016139
                     42,                  1.109,                0.60981,                0.88132,                0.97718,                0.96774,                0.97595,                0.69759,                0.94995,                0.54338,                0.87027,               0.001604,               0.001604,               0.001604
                     43,                 1.0798,                0.57686,                0.86568,                0.97088,                0.96774,                0.97684,                0.69722,                0.98184,                 0.5401,                0.87857,              0.0015941,              0.0015941,              0.0015941
                     44,                 1.0324,                0.54781,                0.85796,                0.98345,                 0.9584,                0.98277,                0.73233,                0.87684,                0.50978,                0.86328,              0.0015842,              0.0015842,              0.0015842
                     45,                 1.1616,                0.58918,                0.88509,                      1,                0.94404,                0.98236,                0.71123,                0.95815,                0.58458,                0.87773,              0.0015743,              0.0015743,              0.0015743
                     46,                 1.1146,                 0.5816,                0.88112,                0.94975,                0.96774,                0.97706,                0.70143,                0.97012,                0.55133,                0.88454,              0.0015644,              0.0015644,              0.0015644
                     47,                  1.088,                0.58819,                0.87481,                 0.9677,                0.96643,                0.97367,                0.73459,                0.88386,                0.51761,                0.86979,              0.0015545,              0.0015545,              0.0015545
                     48,                  1.156,                0.57888,                0.88046,                      1,                0.91724,                0.96537,                0.69634,                 1.0392,                0.58912,                0.89585,              0.0015446,              0.0015446,              0.0015446
                     49,                 1.0613,                0.56357,                0.86502,                      1,                0.91595,                0.96289,                0.71748,                 0.9931,                0.58324,                0.89147,              0.0015347,              0.0015347,              0.0015347
                     50,                 1.1302,                0.60693,                0.87162,                0.96756,                0.96222,                0.97267,                0.68428,                 1.0278,                0.56243,                0.89402,              0.0015248,              0.0015248,              0.0015248
                     51,                 1.0756,                0.56545,                0.86548,                0.96081,                0.96774,                0.97267,                0.69389,                0.95037,                0.55445,                0.87923,              0.0015149,              0.0015149,              0.0015149
                     52,                 1.0297,                0.57375,                0.85398,                 0.9661,                0.91922,                0.97412,                0.72866,                0.88986,                0.53218,                0.86785,               0.001505,               0.001505,               0.001505
                     53,                 1.0312,                0.54345,                0.87571,                0.98144,                0.90323,                0.97317,                0.71186,                0.95945,                 0.5507,                0.87501,              0.0014951,              0.0014951,              0.0014951
                     54,                 1.0645,                0.56037,                0.86551,                0.94917,                0.95161,                0.98431,                 0.7259,                0.95309,                0.58183,                0.87722,              0.0014852,              0.0014852,              0.0014852
                     55,                 1.0816,                0.56266,                0.86982,                0.96689,                0.94207,                 0.9872,                0.73154,                0.91052,                0.53436,                0.87117,              0.0014753,              0.0014753,              0.0014753
                     56,                  1.105,                0.59542,                 0.8715,                0.96089,                0.96774,                 0.9867,                0.72351,                0.93714,                0.55359,                0.87052,              0.0014654,              0.0014654,              0.0014654
                     57,                 1.0653,                0.58086,                0.87179,                0.96757,                0.96239,                0.98722,                0.72911,                0.96055,                0.51843,                0.87413,              0.0014555,              0.0014555,              0.0014555
                     58,                 1.0892,                0.56452,                0.88828,                0.96685,                0.96774,                0.97922,                0.72248,                0.97797,                0.51356,                0.87958,              0.0014456,              0.0014456,              0.0014456
                     59,                   1.05,                0.52979,                0.87868,                0.96439,                0.96774,                0.98867,                0.74395,                0.87808,                0.48483,                0.86242,              0.0014357,              0.0014357,              0.0014357
                     60,                 1.0652,                0.53197,                0.85975,                0.99806,                0.93548,                0.96298,                0.68762,                0.92574,                0.52424,                0.86821,              0.0014258,              0.0014258,              0.0014258
                     61,                 1.0266,                0.55832,                0.86704,                0.99664,                0.93548,                0.97742,                0.71727,                0.88325,                 0.5248,                0.85858,              0.0014159,              0.0014159,              0.0014159
                     62,                 1.0136,                0.54375,                0.85228,                 0.9671,                0.94818,                0.97533,                0.74032,                0.85544,                0.51391,                0.85547,               0.001406,               0.001406,               0.001406
                     63,                 1.0307,                0.52814,                0.86309,                0.93472,                0.96774,                  0.973,                0.71262,                0.91154,                0.52704,                0.86649,              0.0013961,              0.0013961,              0.0013961
                     64,                 1.0493,                0.53151,                0.85341,                0.98356,                0.96509,                 0.9783,                  0.746,                 0.8738,                0.50087,                0.86586,              0.0013862,              0.0013862,              0.0013862
                     65,                 1.0579,                0.52761,                0.85621,                 0.9836,                0.96741,                0.99341,                0.72663,                 0.9244,                0.50264,                0.87315,              0.0013763,              0.0013763,              0.0013763
                     66,                 1.0397,                0.52932,                0.85858,                 0.9816,                0.95161,                0.99176,                0.73576,                0.90177,                0.48751,                0.86752,              0.0013664,              0.0013664,              0.0013664
                     67,                 1.0276,                0.50594,                0.84746,                0.96562,                0.96774,                0.99239,                0.72764,                0.92324,                0.49593,                0.86906,              0.0013565,              0.0013565,              0.0013565
                     68,                  1.022,                0.50995,                0.85001,                      1,                0.95124,                0.98512,                0.75467,                0.88793,                0.47502,                0.86075,              0.0013466,              0.0013466,              0.0013466
                     69,                  1.045,                0.51562,                0.85338,                      1,                0.94779,                 0.9847,                0.75699,                0.87105,                0.46947,                0.85872,              0.0013367,              0.0013367,              0.0013367
                     70,                 1.0474,                0.53151,                0.85518,                0.96873,                0.99929,                0.99342,                0.74121,                0.93695,                0.48305,                0.87199,              0.0013268,              0.0013268,              0.0013268
                     71,                 1.0646,                0.52727,                0.86589,                0.96546,                      1,                0.99308,                0.73074,                0.92056,                0.48027,                0.87066,              0.0013169,              0.0013169,              0.0013169
                     72,                0.99394,                0.51574,                0.85048,                0.97099,                      1,                0.99373,                0.71184,                0.94462,                0.48143,                0.87128,               0.001307,               0.001307,               0.001307
                     73,                 1.0008,                0.50765,                0.85804,                0.96578,                      1,                 0.9934,                0.73962,                0.89386,                0.46281,                0.86674,              0.0012971,              0.0012971,              0.0012971
                     74,                   1.02,                0.49159,                0.85956,                0.94912,                0.98387,                0.99038,                0.74376,                0.90425,                 0.4676,                 0.8648,              0.0012872,              0.0012872,              0.0012872
                     75,                 1.0793,                0.52318,                0.87182,                0.96493,                0.98387,                0.99043,                0.72842,                0.97809,                0.51044,                0.87517,              0.0012773,              0.0012773,              0.0012773
                     76,                 1.0658,                 0.5315,                0.86682,                0.96466,                0.98387,                0.98853,                0.71039,                0.92902,                0.50265,                0.86887,              0.0012674,              0.0012674,              0.0012674
                     77,                 1.0164,                0.52309,                0.85829,                0.94866,                0.96774,                0.97135,                0.73356,                0.89298,                0.48667,                0.86277,              0.0012575,              0.0012575,              0.0012575
                     78,                 0.9915,                0.49149,                0.84675,                  0.983,                0.93261,                0.97929,                0.73815,                0.91384,                0.46229,                0.86934,              0.0012476,              0.0012476,              0.0012476
                     79,                 1.0485,                0.49546,                0.86004,                0.95224,                0.96475,                0.98547,                0.75204,                0.91566,                0.45815,                0.86981,              0.0012377,              0.0012377,              0.0012377
                     80,                 1.0238,                0.50264,                0.85102,                0.99836,                0.91935,                0.96539,                   0.74,                0.88871,                0.46767,                0.86753,              0.0012278,              0.0012278,              0.0012278
                     81,                 1.0276,                0.50118,                0.85302,                0.99861,                0.91935,                0.97328,                0.73368,                0.91338,                0.47485,                 0.8702,              0.0012179,              0.0012179,              0.0012179
                     82,                 1.0041,                0.50447,                0.87271,                0.99578,                0.91935,                0.96283,                0.75605,                0.84859,                0.46061,                0.86178,               0.001208,               0.001208,               0.001208
                     83,                 1.0246,                0.50923,                0.85505,                0.99727,                0.91935,                0.96382,                0.73281,                 0.8827,                0.45396,                0.86516,              0.0011981,              0.0011981,              0.0011981
                     84,                 1.0786,                0.51348,                0.85159,                0.96711,                 0.9487,                0.98298,                0.72975,                0.93695,                0.46379,                0.87009,              0.0011882,              0.0011882,              0.0011882
                     85,                  1.033,                0.50089,                0.86042,                0.95013,                0.96774,                0.97688,                0.74919,                0.88545,                0.47207,                0.86271,              0.0011783,              0.0011783,              0.0011783
                     86,                 1.0465,                0.50087,                0.85596,                0.96811,                0.98387,                0.98932,                0.75093,                0.88603,                 0.4615,                0.86707,              0.0011684,              0.0011684,              0.0011684
                     87,                 1.0296,                0.50312,                0.85633,                0.98352,                0.96243,                0.98927,                 0.7611,                0.88092,                 0.4597,                 0.8632,              0.0011585,              0.0011585,              0.0011585
                     88,                0.99885,                0.51775,                 0.8578,                0.98016,                0.96774,                0.98897,                0.76225,                0.86451,                0.45403,                0.85691,              0.0011486,              0.0011486,              0.0011486
                     89,                  1.055,                0.51409,                0.85339,                 0.9831,                0.98387,                0.98554,                0.76695,                 0.8432,                0.44936,                0.85621,              0.0011387,              0.0011387,              0.0011387
                     90,                 1.0281,                0.49707,                0.85556,                0.98267,                0.98387,                0.98491,                0.74533,                0.88248,                0.46474,                0.86557,              0.0011288,              0.0011288,              0.0011288
                     91,                 1.0501,                0.50162,                0.85962,                0.98091,                0.98387,                0.98528,                0.74445,                0.91265,                0.48383,                0.87496,              0.0011189,              0.0011189,              0.0011189
                     92,                0.98887,                0.48672,                0.83765,                0.96763,                0.96441,                0.98702,                0.73645,                0.96731,                0.46995,                0.88084,               0.001109,               0.001109,               0.001109
                     93,                0.98541,                 0.4892,                0.84634,                0.98273,                0.95161,                0.97115,                0.75027,                0.90606,                0.46202,                0.87332,              0.0010991,              0.0010991,              0.0010991
                     94,                 1.0233,                 0.4929,                0.85331,                      1,                0.94761,                0.98182,                 0.7816,                0.82925,                0.42994,                0.85655,              0.0010892,              0.0010892,              0.0010892
                     95,                 1.0499,                0.50458,                0.85188,                0.99983,                0.95161,                0.98749,                0.77483,                0.81756,                0.43304,                0.85295,              0.0010793,              0.0010793,              0.0010793
                     96,                 1.0509,                 0.5012,                0.85296,                0.96677,                0.98387,                0.98787,                0.74787,                0.97384,                0.45208,                0.87631,              0.0010694,              0.0010694,              0.0010694
                     97,                 1.0149,                0.47633,                0.85898,                0.98094,                0.98387,                0.98812,                0.73234,                 1.0035,                0.45768,                 0.8827,              0.0010595,              0.0010595,              0.0010595
                     98,                  1.053,                0.48566,                0.86664,                 0.9989,                0.98387,                0.98795,                0.77173,                0.86942,                0.42602,                0.86364,              0.0010496,              0.0010496,              0.0010496
                     99,                 1.0107,                0.47179,                0.85613,                      1,                0.97758,                0.98821,                0.77961,                0.83719,                0.42328,                0.85959,              0.0010397,              0.0010397,              0.0010397
                    100,                 1.0382,                0.47456,                0.86588,                0.96771,                0.96685,                0.98611,                 0.7598,                0.94407,                0.46535,                 0.8746,              0.0010298,              0.0010298,              0.0010298
                    101,                 1.0583,                 0.4904,                  0.853,                 0.9682,                0.98202,                0.98761,                0.77927,                 0.8849,                0.45584,                0.86503,              0.0010199,              0.0010199,              0.0010199
                    102,                 1.0495,                0.48971,                0.85463,                0.99912,                0.93548,                0.98094,                0.76913,                0.87849,                0.44774,                0.86675,                0.00101,                0.00101,                0.00101
                    103,                  1.087,                0.49421,                0.85748,                0.96792,                0.97329,                0.98629,                0.76797,                0.87545,                0.44255,                0.86478,              0.0010001,              0.0010001,              0.0010001
                    104,                 1.0117,                0.47309,                0.85481,                0.96818,                0.98162,                0.98656,                 0.7322,                0.93844,                0.44223,                0.87334,              0.0009902,              0.0009902,              0.0009902
                    105,                 1.0752,                0.48396,                0.86625,                0.98298,                0.96774,                0.98685,                0.76923,                0.87907,                0.42918,                0.86527,              0.0009803,              0.0009803,              0.0009803
                    106,                 1.0126,                 0.4733,                0.85136,                0.98113,                0.98387,                0.99325,                0.73571,                0.95034,                 0.4295,                0.87283,              0.0009704,              0.0009704,              0.0009704
                    107,                 1.0161,                0.47151,                0.86565,                0.97993,                0.98387,                 0.9883,                0.73645,                0.98492,                0.44322,                0.87718,              0.0009605,              0.0009605,              0.0009605
                    108,                 1.0021,                0.46349,                0.85395,                 0.9823,                0.98387,                0.99337,                0.77505,                0.89882,                0.43906,                0.85991,              0.0009506,              0.0009506,              0.0009506
                    109,                 1.0299,                0.48221,                 0.8519,                0.98317,                0.98387,                0.99318,                0.78569,                0.82079,                0.42323,                0.84929,              0.0009407,              0.0009407,              0.0009407
                    110,                0.96192,                0.46229,                0.84921,                0.98385,                0.98242,                 0.9935,                0.78293,                0.81486,                0.42684,                0.84886,              0.0009308,              0.0009308,              0.0009308
                    111,                0.98024,                0.46318,                0.84334,                0.98133,                0.96774,                0.99319,                0.76854,                0.83518,                0.42365,                0.85242,              0.0009209,              0.0009209,              0.0009209
                    112,                 1.0021,                0.47172,                0.84215,                0.96764,                0.98387,                0.99273,                0.76856,                0.86051,                0.44562,                 0.8576,               0.000911,               0.000911,               0.000911
                    113,                0.98439,                0.46949,                0.84994,                0.96806,                0.97777,                0.99273,                0.77848,                0.83869,                0.44661,                0.85247,              0.0009011,              0.0009011,              0.0009011
                    114,                0.99688,                0.46842,                0.84719,                0.96585,                0.98387,                0.99345,                0.78071,                0.85833,                0.45421,                0.85647,              0.0008912,              0.0008912,              0.0008912
                    115,                0.93814,                0.45827,                0.83845,                      1,                0.94863,                0.99228,                0.77967,                0.87249,                0.44169,                0.85896,              0.0008813,              0.0008813,              0.0008813
                    116,                 1.0083,                0.47571,                0.87277,                      1,                 0.9504,                0.99244,                0.77263,                0.88977,                0.44051,                0.86339,              0.0008714,              0.0008714,              0.0008714
                    117,                 0.9608,                0.46226,                0.84591,                      1,                 0.9493,                 0.9927,                0.76523,                0.91457,                0.43733,                0.86777,              0.0008615,              0.0008615,              0.0008615
                    118,                0.95748,                0.44704,                 0.8605,                0.97845,                0.98387,                 0.9935,                0.75167,                 0.9614,                0.43054,                0.87599,              0.0008516,              0.0008516,              0.0008516
                    119,                0.96233,                0.45896,                0.84293,                0.97595,                0.98387,                 0.9935,                0.77031,                0.91289,                0.41564,                0.86915,              0.0008417,              0.0008417,              0.0008417
                    120,                0.99911,                0.45569,                0.85386,                      1,                0.93455,                0.98946,                 0.7895,                0.84352,                0.39942,                0.85929,              0.0008318,              0.0008318,              0.0008318
                    121,                0.97652,                0.45248,                0.84278,                0.96522,                0.96774,                0.98635,                0.77067,                0.86119,                0.41864,                0.86191,              0.0008219,              0.0008219,              0.0008219
                    122,                0.97056,                0.46862,                 0.8411,                0.96717,                0.95039,                0.97354,                0.78434,                 0.8282,                0.41988,                0.85809,               0.000812,               0.000812,               0.000812
                    123,                0.93799,                0.44424,                0.84889,                0.98301,                0.93334,                0.97871,                0.78848,                0.84162,                0.42645,                0.85938,              0.0008021,              0.0008021,              0.0008021
                    124,                0.94489,                0.45012,                0.84325,                0.96499,                0.96774,                 0.9845,                0.75079,                0.94329,                0.43277,                0.87488,              0.0007922,              0.0007922,              0.0007922
                    125,                0.92528,                0.43873,                0.82998,                0.96411,                0.96774,                0.98535,                 0.7636,                0.90951,                0.42462,                0.87126,              0.0007823,              0.0007823,              0.0007823
                    126,                0.94408,                0.44895,                0.83498,                0.96433,                0.96774,                0.98346,                 0.7774,                0.86635,                0.43615,                0.86059,              0.0007724,              0.0007724,              0.0007724
                    127,                0.91123,                0.43969,                0.84419,                0.95233,                0.98387,                0.98712,                0.77496,                0.89125,                0.43111,                0.86272,              0.0007625,              0.0007625,              0.0007625
                    128,                0.98397,                0.44575,                0.85104,                0.97852,                0.98387,                 0.9885,                0.78319,                0.82456,                0.41801,                  0.852,              0.0007526,              0.0007526,              0.0007526
                    129,                0.94379,                0.45039,                0.83792,                 0.9773,                0.98387,                0.98805,                0.79116,                0.78799,                0.41402,                0.84765,              0.0007427,              0.0007427,              0.0007427
                    130,                 1.0166,                0.46362,                0.85409,                0.96592,                0.98387,                0.98748,                0.80609,                0.79441,                0.41259,                0.85159,              0.0007328,              0.0007328,              0.0007328
                    131,                0.94895,                0.46184,                0.85438,                0.98377,                0.97779,                 0.9874,                0.78245,                0.83665,                0.42214,                0.85813,              0.0007229,              0.0007229,              0.0007229
                    132,                0.95296,                0.44483,                0.84338,                0.99587,                0.93548,                 0.9862,                0.75045,                0.98522,                0.43511,                0.88278,               0.000713,               0.000713,               0.000713
                    133,                0.98944,                0.46065,                0.84518,                 0.9972,                0.93548,                0.98559,                0.75873,                 0.9343,                 0.4342,                0.87444,              0.0007031,              0.0007031,              0.0007031
                    134,                 0.9913,                 0.4681,                0.84507,                      1,                0.93528,                0.98347,                0.76714,                 0.8738,                0.43177,                0.86833,              0.0006932,              0.0006932,              0.0006932
                    135,                0.98965,                 0.4573,                0.85055,                      1,                0.93495,                0.98482,                0.75719,                0.87783,                0.42767,                0.86863,              0.0006833,              0.0006833,              0.0006833
                    136,                0.94247,                0.44659,                0.83483,                0.98327,                0.94796,                  0.985,                0.74763,                0.92032,                0.43023,                 0.8716,              0.0006734,              0.0006734,              0.0006734
                    137,                 1.0034,                0.45696,                0.85334,                0.99616,                0.93548,                0.98398,                0.75515,                0.88765,                0.41257,                0.86663,              0.0006635,              0.0006635,              0.0006635
                    138,                0.94162,                0.44226,                0.83708,                0.99252,                0.93548,                0.97203,                0.78459,                0.77716,                0.39436,                0.85124,              0.0006536,              0.0006536,              0.0006536
                    139,                0.96307,                0.44678,                0.85342,                0.99145,                0.93548,                0.97927,                0.79688,                0.77611,                0.39899,                0.85244,              0.0006437,              0.0006437,              0.0006437
                    140,                 0.9924,                0.44972,                 0.8529,                0.98327,                0.94825,                0.98463,                0.77073,                0.83593,                0.41187,                0.85887,              0.0006338,              0.0006338,              0.0006338
                    141,                0.95089,                0.44075,                0.84211,                0.98328,                0.94878,                0.98565,                0.73118,                0.96301,                0.43942,                0.88021,              0.0006239,              0.0006239,              0.0006239
                    142,                 1.0019,                0.46635,                0.85186,                0.96768,                0.96591,                0.98603,                0.70445,                 1.0554,                0.46472,                0.89324,               0.000614,               0.000614,               0.000614
                    143,                  1.004,                0.46552,                 0.8454,                0.96819,                0.98198,                0.98656,                0.74671,                0.95996,                0.45083,                0.87546,              0.0006041,              0.0006041,              0.0006041
                    144,                0.93465,                0.45075,                0.84533,                0.96804,                0.98387,                 0.9872,                0.77289,                0.84157,                0.41313,                0.86149,              0.0005942,              0.0005942,              0.0005942
                    145,                0.96507,                0.43801,                0.85133,                0.98332,                 0.9507,                0.98761,                0.78266,                0.82631,                0.40076,                0.85746,              0.0005843,              0.0005843,              0.0005843
                    146,                0.90529,                0.41855,                0.83663,                0.98328,                0.94862,                0.98787,                0.78879,                0.82499,                0.39161,                0.85733,              0.0005744,              0.0005744,              0.0005744
                    147,                0.95564,                0.43097,                0.85611,                0.99879,                0.93548,                0.98801,                0.78853,                 0.8267,                0.39837,                0.85798,              0.0005645,              0.0005645,              0.0005645
                    148,                0.91695,                0.42776,                0.84548,                      1,                0.93482,                0.98832,                0.78967,                0.80527,                0.40345,                0.85121,              0.0005546,              0.0005546,              0.0005546
                    149,                0.92878,                0.43693,                0.85211,                      1,                0.93436,                0.98802,                0.80122,                0.80601,                 0.3918,                0.85287,              0.0005447,              0.0005447,              0.0005447
                    150,                0.94882,                0.43133,                0.84726,                0.96809,                0.97885,                0.98741,                0.78874,                0.82473,                0.39884,                0.85494,              0.0005348,              0.0005348,              0.0005348
                    151,                0.94676,                 0.4325,                0.84208,                0.96814,                0.98038,                0.98728,                0.75857,                0.89092,                0.41025,                0.86493,              0.0005249,              0.0005249,              0.0005249
                    152,                0.93465,                0.43859,                0.84522,                0.96702,                0.98387,                0.98708,                0.75413,                0.93514,                0.41579,                0.87398,               0.000515,               0.000515,               0.000515
                    153,                0.97107,                0.44422,                0.83491,                0.96419,                0.98387,                0.98713,                0.76374,                0.88593,                0.42053,                0.86632,              0.0005051,              0.0005051,              0.0005051
                    154,                0.93597,                0.44498,                0.83115,                0.96614,                0.98387,                0.98783,                 0.7876,                0.80478,                0.40727,                0.85462,              0.0004952,              0.0004952,              0.0004952
                    155,                0.96937,                0.44159,                0.85099,                0.96545,                0.98387,                0.98805,                0.78694,                0.80168,                0.39289,                0.85302,              0.0004853,              0.0004853,              0.0004853
                    156,                0.91009,                0.43025,                 0.8501,                0.97892,                0.98387,                0.98848,                0.78361,                0.83594,                0.39204,                 0.8573,              0.0004754,              0.0004754,              0.0004754
                    157,                0.95433,                0.43926,                0.83378,                 0.9802,                0.98387,                0.98854,                0.78228,                0.81536,                0.38764,                0.85424,              0.0004655,              0.0004655,              0.0004655
                    158,                0.92412,                0.42768,                0.84239,                0.98385,                0.98271,                0.98843,                0.78204,                0.82536,                0.39363,                0.85529,              0.0004556,              0.0004556,              0.0004556
                    159,                0.91913,                0.42192,                0.84376,                0.98384,                0.98222,                0.98837,                0.77225,                0.84824,                0.40607,                0.85838,              0.0004457,              0.0004457,              0.0004457
                    160,                0.96854,                0.44187,                0.83865,                0.98385,                0.98246,                0.98813,                0.77202,                 0.8914,                0.41748,                0.86257,              0.0004358,              0.0004358,              0.0004358
                    161,                 0.8953,                0.41729,                0.83828,                0.98385,                0.98261,                0.98835,                0.77383,                0.87382,                0.40681,                0.85941,              0.0004259,              0.0004259,              0.0004259
                    162,                0.87718,                0.41392,                0.83836,                0.98305,                0.98387,                0.99377,                0.78118,                0.84822,                0.39793,                0.85526,               0.000416,               0.000416,               0.000416
                    163,                0.94652,                0.43026,                0.84333,                0.98007,                0.98387,                0.99345,                 0.7842,                0.84167,                0.38793,                0.85586,              0.0004061,              0.0004061,              0.0004061
                    164,                0.89941,                0.41769,                0.84007,                0.98383,                0.98153,                0.98844,                0.77883,                0.86653,                0.39571,                0.86032,              0.0003962,              0.0003962,              0.0003962
                    165,                 0.9222,                0.42187,                0.84355,                0.98383,                0.98145,                0.98844,                0.78098,                0.86824,                0.39921,                0.85943,              0.0003863,              0.0003863,              0.0003863
                    166,                0.92891,                0.42255,                0.83221,                0.98383,                0.98158,                0.98864,                0.78275,                0.82905,                0.38976,                 0.8535,              0.0003764,              0.0003764,              0.0003764
                    167,                0.93079,                0.41645,                 0.8406,                0.98384,                 0.9822,                0.98864,                0.79165,                0.80919,                0.39057,                0.85236,              0.0003665,              0.0003665,              0.0003665
                    168,                0.86364,                0.40141,                0.83881,                0.99982,                0.93548,                0.98497,                0.79559,                0.80775,                0.38012,                0.85112,              0.0003566,              0.0003566,              0.0003566
                    169,                0.89328,                0.40916,                0.82933,                0.99986,                0.93548,                0.98449,                0.79586,                0.84147,                0.38746,                0.85559,              0.0003467,              0.0003467,              0.0003467
                    170,                0.91541,                0.41157,                 0.8483,                 0.9989,                0.93548,                0.98393,                0.78541,                0.87412,                0.39185,                0.86139,              0.0003368,              0.0003368,              0.0003368
                    171,                0.96175,                 0.4234,                0.84477,                0.99926,                0.93548,                0.98307,                0.78427,                0.86574,                0.38481,                0.85959,              0.0003269,              0.0003269,              0.0003269
                    172,                0.92604,                0.41478,                0.83871,                      1,                0.93384,                0.98278,                0.78529,                0.81824,                0.38688,                0.85456,               0.000317,               0.000317,               0.000317
                    173,                0.92869,                0.42404,                0.83206,                      1,                0.93267,                0.98304,                0.79519,                0.79985,                0.38164,                0.85298,              0.0003071,              0.0003071,              0.0003071
                    174,                0.93305,                0.42101,                0.83954,                      1,                0.93019,                0.98482,                0.78195,                0.84031,                0.38239,                0.85965,              0.0002972,              0.0002972,              0.0002972
                    175,                0.87587,                0.39825,                0.84531,                      1,                0.93211,                 0.9856,                0.77511,                0.85258,                0.38063,                0.86233,              0.0002873,              0.0002873,              0.0002873
                    176,                0.93921,                0.41683,                 0.8457,                 0.9833,                0.94978,                 0.9855,                0.78014,                0.86633,                0.38511,                0.86527,              0.0002774,              0.0002774,              0.0002774
                    177,                0.90013,                0.40724,                0.83698,                0.98331,                0.95023,                0.97859,                0.77466,                 0.8591,                0.38645,                0.86406,              0.0002675,              0.0002675,              0.0002675
                    178,                0.89417,                0.40544,                 0.8428,                0.98333,                 0.9512,                0.97958,                0.79745,                0.80902,                0.37124,                0.85528,              0.0002576,              0.0002576,              0.0002576
                    179,                0.88455,                0.40048,                0.83486,                0.98333,                0.95148,                 0.9884,                0.79921,                0.81173,                0.37143,                0.85493,              0.0002477,              0.0002477,              0.0002477
                    180,                0.87379,                0.40065,                0.83568,                0.96815,                0.98062,                 0.9892,                0.78051,                0.84183,                0.38213,                0.86004,              0.0002378,              0.0002378,              0.0002378
